Date/Time,Media Description,Media Link
"You uploaded a video on November 13, 2025 at 11:08 AM (GMT)", -,https://dms.licdn.com/playlist/vid/dynamic/D4E05AQHb8i4jdkUwSg/BAgWPtAdUGt6YObIA?e=1764334800&v=beta&t=ZNextAO0ovjA5bikMKmi-3WCzIOOWwHh_R1XoEFkdVU
"You uploaded a video on November 13, 2025 at 11:05 AM (GMT)", -,https://dms.licdn.com/playlist/vid/dynamic/D4E05AQGKZSwmAEhRAQ/BAQVseYtusQ?e=1764334800&v=beta&t=U_fr31w9ZW97P1s0Xm9LOKDELEfQZmlIAMc-6HTK3iI
"You uploaded a video on November 13, 2025 at 10:56 AM (GMT)", -,https://dms.licdn.com/playlist/vid/dynamic/D4E05AQF4I3HMilcTsw/BAQWw7z_CEL?e=1764334800&v=beta&t=GbCp-6GsnmgxBaAHdJrJT_wqRbnBqK4AvypdmQEv3U4
"You uploaded a video on November 13, 2025 at 10:53 AM (GMT)", -,https://dms.licdn.com/playlist/vid/dynamic/D4E05AQHqbXjBPvH-bA/BAg3PhE11e0sWXnrcd3?e=1764334800&v=beta&t=Iya1o0vc5XwNeYb8AU92_1-xzR2DkxNJCh3GlSJRPMA
"You uploaded a video on November 11, 2025 at 7:01 AM (GMT)", -,https://dms.licdn.com/playlist/vid/dynamic/D4E05AQHwSZvI-bNcrQ/BAQO7GFil5Q?e=1764334800&v=beta&t=pspOccBIziDuGYCPDQDB15KOemTPtCwC8cQ1ZtdhXls
"You uploaded a video on November 11, 2025 at 6:57 AM (GMT)", -,https://dms.licdn.com/playlist/vid/dynamic/D4E05AQGLH-Ut_W4XLg/BAQ9nnFztJ7?e=1764334800&v=beta&t=u-9_enb8ayl6gEgkfhv7R9f_sIhU7M7vpc1_1VjsUqk
"You uploaded a video on November 1, 2025 at 12:26 PM (GMT)", -,https://dms.licdn.com/playlist/vid/dynamic/D4E05AQF6H05qfsgJIw/BAQ58qcFNDw?e=1764334800&v=beta&t=35yX5mL4boC9KPHCIj0qXFKDLTt1k4NDXQksfeea3vI
"You uploaded a video on November 1, 2025 at 12:09 PM (GMT)", -,https://dms.licdn.com/playlist/vid/dynamic/D4E05AQGEmILNOJy6fA/BAQYPvJwk9H?e=1764334800&v=beta&t=G6JlQJvnMoho2QFnX13lm_FqEPubzwYmXVZhI0g2rYE
"You uploaded a video on October 25, 2025 at 10:55 AM (GMT)", -,https://dms.licdn.com/playlist/vid/dynamic/D4E05AQFadNrDucjLoQ/BAQBvB8_Egc?e=1764334800&v=beta&t=q52yiZK34WkgFcvdWQTCLKq2v92p9nERWOPdR0wputE
"You uploaded a video on October 25, 2025 at 10:52 AM (GMT)", -,https://dms.licdn.com/playlist/vid/dynamic/D4E05AQH7sh2GOYL56g/BAgYjb8c4m0oWUUc7xwfP0?e=1764334800&v=beta&t=ufJMkl77t0L0VDR2kwtsi4Ipa7BA1umpmaV15aa_s58
"You uploaded a video on October 19, 2025 at 7:08 AM (GMT)", -,https://dms.licdn.com/playlist/vid/dynamic/D4E05AQEISHYcUJLP2g/BAQ5Wy-Iww_Ww?e=1764334800&v=beta&t=qO12x2CWviq4DDp7pI6RBE8vw64rLG_uoH6rqXMB2Eg
"You uploaded a video on October 19, 2025 at 7:06 AM (GMT)", -,https://dms.licdn.com/playlist/vid/dynamic/D4E05AQHJNzIgvg0DyA/BAgTZ4egnanDBx_2gzBG78?e=1764334800&v=beta&t=awOTSvWic9_21Gs5suDvmO6TpSt1VseUpP58_9P28nk
"You uploaded a video on October 19, 2025 at 7:03 AM (GMT)", -,https://dms.licdn.com/playlist/vid/dynamic/D4E05AQHag6rY8dbteA/BAQIjg8FXxWcA?e=1764334800&v=beta&t=PxkrKb921t2vcYkQUvva2bzOesd2xPvMa4_pBqXIoUg
"You uploaded a feed photo on July 6, 2022 at 4:22 PM (GMT)", -,https://media.licdn.com/dms/image/v2/C4E22AQEHoyuVXHEJFw/feedshare-shrink_2048_1536/feedshare-shrink_2048_1536/0/1657124529506?e=1765411200&v=beta&t=TE967nxjis_odCaYa8aLsFbhouTqAqLl4dNclLCSZD4
"You uploaded a profile background photo on March 1, 2022 at 7:18 PM (GMT)", -,https://media.licdn.com/dms/image/v2/C4D04AQHmMovKABMFOw/profile-originalbackgroundimage-shrink_396_1584/profile-originalbackgroundimage-shrink_396_1584/0/1646162281380?e=1765411200&v=beta&t=pXemTL6m8PzGmpqZLj5IYReGGTY5m7COLW1-_jipfR0
"You uploaded a profile background photo on March 1, 2022 at 7:18 PM (GMT)", -,https://media.licdn.com/dms/image/v2/C4D16AQFTHVgBZwcg6g/profile-displaybackgroundimage-shrink_200_800/profile-displaybackgroundimage-shrink_200_800/0/1646162281196?e=1765411200&v=beta&t=B8MkladV5soLR18jLwB9WiU1Hq7vyDkkHO4pEUIFiJY
"You uploaded a profile background photo on March 1, 2022 at 7:17 PM (GMT)", -,https://media.licdn.com/dms/image/v2/C4D16AQE6b4ykKFkmag/profile-displaybackgroundimage-shrink_200_800/profile-displaybackgroundimage-shrink_200_800/0/1646162252195?e=1765411200&v=beta&t=vbWzy3eUSAf2SXf1Kd99wWMy_FVdAXKxpDZdjIIm2EY
"You uploaded a profile background photo on March 1, 2022 at 7:17 PM (GMT)", -,https://media.licdn.com/dms/image/v2/C4D04AQHBFTs7g7J9Aw/profile-originalbackgroundimage-shrink_396_1584/profile-originalbackgroundimage-shrink_396_1584/0/1646162252153?e=1765411200&v=beta&t=0_ZnEm3R7utBL4QjIqQG6Ux8iS0IIQaSjNxh4RScV4c
"You uploaded a feed photo on January 11, 2022 at 12:10 PM (GMT)", -,https://media.licdn.com/dms/image/v2/C4E22AQEp7rc-4-7Xdw/feedshare-shrink_2048_1536/feedshare-shrink_2048_1536/0/1641903042079?e=1765411200&v=beta&t=TQHGSd_GvFFgaf-EHSpJtaFujU6Vnaaw8BzmVY5DtEc
"You uploaded a feed document on May 25, 2020 at 8:10 AM (GMT)", -,https://media.licdn.com/dms/document/media/v2/C4D1FAQHq-Ui8XpxoHQ/feedshare-document-pdf-analyzed/feedshare-document-pdf-analyzed/0/1590394232741?e=1764334800&v=beta&t=yxSLAZ00shImOUaykha3oI9IQLMg_fMeS7bL7tN-y54
"You uploaded a feed document on May 25, 2020 at 8:09 AM (GMT)", -,https://media.licdn.com/dms/document/media/v2/C4D1FAQExwXdoMH-N2Q/feedshare-document-pdf-analyzed/feedshare-document-pdf-analyzed/0/1590394199721?e=1764334800&v=beta&t=8eeFVPY7GkRJZdjgTiMOs8RXAoA5wOVLG0YBwGg92L4
"You uploaded a feed photo on March 13, 2020 at 12:42 PM (GMT)", -,https://media.licdn.com/dms/image/v2/C4D22AQGrcF0gNPYFzg/feedshare-shrink_2048_1536/feedshare-shrink_2048_1536/0/1584103331875?e=1765411200&v=beta&t=uqkyuerUEWhHAnf40nLvT92BapIRnGVTM9a-oLIeNAA
"You uploaded a feed photo on July 1, 2019 at 1:07 PM (GMT)", -,https://media.licdn.com/dms/image/v2/C4D22AQFkcRMxFjFWcg/feedshare-shrink_2048_1536/feedshare-shrink_2048_1536/0/1573621678111?e=1765411200&v=beta&t=1pKWRAMfuWfAEHpEm2DxNIMIjiXU7U0HOvvXk_1CkcM
"You uploaded a feed photo on June 28, 2019 at 5:33 PM (GMT)", -,https://media.licdn.com/dms/image/v2/C4D22AQH0Md2o8NJwZw/feedshare-shrink_20/feedshare-shrink_20/0/1561743240956?e=1765411200&v=beta&t=FbwfbC-6ZUa8M7eqfd9Vbq6WOorA1ibO9lf9Bhr2Mio
